[{"fields": {"type": "LNG"}, "pk": "Ada", "model": "accounts.skill"}, {"fields": {"type": "FRW"}, "pk": "AngularJS", "model": "accounts.skill"}, {"fields": {"type": "FRW"}, "pk": "Apache Struts", "model": "accounts.skill"}, {"fields": {"type": "LNG"}, "pk": "BASH", "model": "accounts.skill"}, {"fields": {"type": "LIB"}, "pk": "Boost", "model": "accounts.skill"}, {"fields": {"type": "LNG"}, "pk": "C#", "model": "accounts.skill"}, {"fields": {"type": "LNG"}, "pk": "C++", "model": "accounts.skill"}, {"fields": {"type": "LNG"}, "pk": "CoffeeScript", "model": "accounts.skill"}, {"fields": {"type": "LNG"}, "pk": "CSS", "model": "accounts.skill"}, {"fields": {"type": "FRW"}, "pk": "Django", "model": "accounts.skill"}, {"fields": {"type": "LNG"}, "pk": "ECMAScript 6", "model": "accounts.skill"}, {"fields": {"type": "LNG"}, "pk": "Erlang", "model": "accounts.skill"}, {"fields": {"type": "FRW"}, "pk": "Flask", "model": "accounts.skill"}, {"fields": {"type": "LNG"}, "pk": "Haskell", "model": "accounts.skill"}, {"fields": {"type": "LNG"}, "pk": "HTML", "model": "accounts.skill"}, {"fields": {"type": "LNG"}, "pk": "Java", "model": "accounts.skill"}, {"fields": {"type": "LNG"}, "pk": "JAVA", "model": "accounts.skill"}, {"fields": {"type": "LNG"}, "pk": "JavaScript", "model": "accounts.skill"}, {"fields": {"type": "LIB"}, "pk": "jQuery", "model": "accounts.skill"}, {"fields": {"type": "OS"}, "pk": "Linux", "model": "accounts.skill"}, {"fields": {"type": "LIB"}, "pk": "NumPy", "model": "accounts.skill"}, {"fields": {"type": "LNG"}, "pk": "PHP", "model": "accounts.skill"}, {"fields": {"type": "FRW"}, "pk": "Play! Framework", "model": "accounts.skill"}, {"fields": {"type": "FRW"}, "pk": "Pyramid", "model": "accounts.skill"}, {"fields": {"type": "LNG"}, "pk": "Python", "model": "accounts.skill"}, {"fields": {"type": "FRW"}, "pk": "Qt", "model": "accounts.skill"}, {"fields": {"type": "LNG"}, "pk": "R", "model": "accounts.skill"}, {"fields": {"type": "LIB"}, "pk": "requests", "model": "accounts.skill"}, {"fields": {"type": "TECH"}, "pk": "REST API", "model": "accounts.skill"}, {"fields": {"type": "LNG"}, "pk": "Ruby", "model": "accounts.skill"}, {"fields": {"type": "FRW"}, "pk": "Ruby on Rails", "model": "accounts.skill"}, {"fields": {"type": "LNG"}, "pk": "Scheme", "model": "accounts.skill"}, {"fields": {"type": "LIB"}, "pk": "SciPy", "model": "accounts.skill"}, {"fields": {"type": "FRW"}, "pk": "Spring MVC", "model": "accounts.skill"}, {"fields": {"type": "LIB"}, "pk": "stl", "model": "accounts.skill"}, {"fields": {"type": "FRW"}, "pk": "Symphony", "model": "accounts.skill"}, {"fields": {"type": "LNG"}, "pk": "TypeScript", "model": "accounts.skill"}, {"fields": {"type": "LIB"}, "pk": "unittest", "model": "accounts.skill"}, {"fields": {"type": "OS"}, "pk": "Windows", "model": "accounts.skill"}, {"fields": {"type": "FRW"}, "pk": "Zend Framework", "model": "accounts.skill"}, {"fields": {"user": 2, "is_employer": false, "matches": [], "matched_by": []}, "pk": 1, "model": "accounts.userprofile"}, {"fields": {"user": 3, "is_employer": false, "matches": [], "matched_by": []}, "pk": 3, "model": "accounts.userprofile"}, {"fields": {"user": 11, "is_employer": true, "matches": [], "matched_by": []}, "pk": 9, "model": "accounts.userprofile"}, {"fields": {"user": 12, "is_employer": true, "matches": [], "matched_by": []}, "pk": 10, "model": "accounts.userprofile"}, {"fields": {"user": 15, "is_employer": true, "matches": [], "matched_by": []}, "pk": 11, "model": "accounts.userprofile"}, {"fields": {"user": 16, "is_employer": false, "matches": [], "matched_by": []}, "pk": 12, "model": "accounts.userprofile"}, {"fields": {"user": 17, "is_employer": true, "matches": [], "matched_by": []}, "pk": 13, "model": "accounts.userprofile"}, {"fields": {"user": 18, "is_employer": false, "matches": [], "matched_by": []}, "pk": 14, "model": "accounts.userprofile"}, {"fields": {"user": 19, "is_employer": true, "matches": [], "matched_by": []}, "pk": 15, "model": "accounts.userprofile"}, {"fields": {"user": 20, "is_employer": false, "matches": [], "matched_by": []}, "pk": 16, "model": "accounts.userprofile"}, {"fields": {"country": "Poland", "city": "Wroclaw", "certificates": [], "title": "Your profile", "user_profile": 1, "languages": [], "education_tiers": []}, "pk": 9, "model": "accounts.entity"}, {"fields": {"country": "Poland", "city": "Wroclaw", "certificates": [], "title": "Your profile", "user_profile": 3, "languages": [], "education_tiers": []}, "pk": 11, "model": "accounts.entity"}, {"fields": {"country": "Poland", "city": "Wroclaw", "certificates": [], "title": "Your profile", "user_profile": 11, "languages": [], "education_tiers": []}, "pk": 12, "model": "accounts.entity"}, {"fields": {"country": "Poland", "city": "Wroclaw", "certificates": [], "title": "Your profile", "user_profile": 12, "languages": [], "education_tiers": []}, "pk": 13, "model": "accounts.entity"}, {"fields": {"country": "Poland", "city": "Wroclaw", "certificates": [], "title": "Your profile", "user_profile": 13, "languages": [], "education_tiers": []}, "pk": 14, "model": "accounts.entity"}, {"fields": {"country": "Poland", "city": "Wroclaw", "certificates": [], "title": "Your profile", "user_profile": 14, "languages": [], "education_tiers": []}, "pk": 15, "model": "accounts.entity"}, {"fields": {"country": "Poland", "city": "Wroclaw", "certificates": [], "title": "Your profile", "user_profile": 15, "languages": [], "education_tiers": []}, "pk": 16, "model": "accounts.entity"}, {"fields": {"country": "Poland", "city": "Wroclaw", "certificates": [], "title": "Your profile", "user_profile": 16, "languages": [], "education_tiers": []}, "pk": 17, "model": "accounts.entity"}, {"fields": {"profile": 11, "skill": "Python", "level": 4}, "pk": 13, "model": "accounts.userskill"}, {"fields": {"profile": 11, "skill": "Django", "level": 5}, "pk": 14, "model": "accounts.userskill"}, {"fields": {"profile": 11, "skill": "REST API", "level": 4}, "pk": 15, "model": "accounts.userskill"}, {"fields": {"profile": 11, "skill": "JavaScript", "level": 4}, "pk": 16, "model": "accounts.userskill"}, {"fields": {"profile": 11, "skill": "ECMAScript 6", "level": 2}, "pk": 17, "model": "accounts.userskill"}, {"fields": {"profile": 11, "skill": "C++", "level": 3}, "pk": 18, "model": "accounts.userskill"}, {"fields": {"profile": 11, "skill": "JAVA", "level": 3}, "pk": 19, "model": "accounts.userskill"}, {"fields": {"profile": 11, "skill": "unittest", "level": 3}, "pk": 20, "model": "accounts.userskill"}, {"fields": {"profile": 12, "skill": "Python", "level": 5}, "pk": 21, "model": "accounts.userskill"}, {"fields": {"profile": 12, "skill": "REST API", "level": 5}, "pk": 22, "model": "accounts.userskill"}, {"fields": {"profile": 12, "skill": "Django", "level": 5}, "pk": 23, "model": "accounts.userskill"}, {"fields": {"profile": 12, "skill": "requests", "level": 5}, "pk": 24, "model": "accounts.userskill"}, {"fields": {"profile": 12, "skill": "Erlang", "level": 5}, "pk": 25, "model": "accounts.userskill"}, {"fields": {"profile": 12, "skill": "Linux", "level": 4}, "pk": 26, "model": "accounts.userskill"}, {"fields": {"profile": 12, "skill": "Flask", "level": 3}, "pk": 30, "model": "accounts.userskill"}, {"fields": {"profile": 12, "skill": "Pyramid", "level": 3}, "pk": 31, "model": "accounts.userskill"}, {"fields": {"profile": 13, "skill": "Django", "level": 4}, "pk": 32, "model": "accounts.userskill"}, {"fields": {"profile": 13, "skill": "Python", "level": 4}, "pk": 33, "model": "accounts.userskill"}, {"fields": {"profile": 13, "skill": "REST API", "level": 4}, "pk": 34, "model": "accounts.userskill"}, {"fields": {"profile": 13, "skill": "Linux", "level": 5}, "pk": 35, "model": "accounts.userskill"}, {"fields": {"profile": 13, "skill": "requests", "level": 2}, "pk": 36, "model": "accounts.userskill"}, {"fields": {"profile": 14, "skill": "ECMAScript 6", "level": 5}, "pk": 38, "model": "accounts.userskill"}, {"fields": {"profile": 14, "skill": "JavaScript", "level": 5}, "pk": 39, "model": "accounts.userskill"}, {"fields": {"profile": 14, "skill": "jQuery", "level": 5}, "pk": 40, "model": "accounts.userskill"}, {"fields": {"profile": 14, "skill": "AngularJS", "level": 5}, "pk": 41, "model": "accounts.userskill"}, {"fields": {"profile": 15, "skill": "Python", "level": 4}, "pk": 42, "model": "accounts.userskill"}, {"fields": {"profile": 15, "skill": "JavaScript", "level": 5}, "pk": 43, "model": "accounts.userskill"}, {"fields": {"profile": 15, "skill": "NumPy", "level": 3}, "pk": 44, "model": "accounts.userskill"}, {"fields": {"profile": 15, "skill": "SciPy", "level": 3}, "pk": 45, "model": "accounts.userskill"}, {"fields": {"profile": 15, "skill": "AngularJS", "level": 5}, "pk": 46, "model": "accounts.userskill"}, {"fields": {"profile": 15, "skill": "jQuery", "level": 4}, "pk": 47, "model": "accounts.userskill"}, {"fields": {"profile": 16, "skill": "C++", "level": 4}, "pk": 49, "model": "accounts.userskill"}, {"fields": {"profile": 16, "skill": "Qt", "level": 4}, "pk": 50, "model": "accounts.userskill"}, {"fields": {"profile": 16, "skill": "Boost", "level": 4}, "pk": 51, "model": "accounts.userskill"}, {"fields": {"profile": 17, "skill": "C++", "level": 4}, "pk": 52, "model": "accounts.userskill"}, {"fields": {"profile": 17, "skill": "Qt", "level": 4}, "pk": 53, "model": "accounts.userskill"}, {"fields": {"profile": 17, "skill": "Boost", "level": 4}, "pk": 54, "model": "accounts.userskill"}, {"fields": {"profile": 17, "skill": "Windows", "level": 4}, "pk": 55, "model": "accounts.userskill"}]