[
{
    "model": "auth.user",
    "fields": {
        "password": "pbkdf2_sha256$20000$03CQbJ6BOGE5$fy4bG6/3rxgJL2uYU6J2s9r9L84bPLOwv5CV3RZ/8VQ=",
        "last_name": "",
        "first_name": "",
        "is_staff": true,
        "date_joined": "2015-11-03T19:28:10.911Z",
        "username": "admin",
        "email": "",
        "user_permissions": [],
        "groups": [],
        "last_login": "2015-11-20T10:26:15.687Z",
        "is_active": true,
        "is_superuser": true
    },
    "pk": 2
},
{
    "model": "auth.user",
    "fields": {
        "password": "pbkdf2_sha256$20000$uchzkbWJRCU3$5nUhHxVi7KgqoAeBLsb+FEcmA15SGvFwc+QSR+WvQKU=",
        "last_name": "",
        "first_name": "",
        "is_staff": false,
        "date_joined": "2015-11-11T14:21:49.861Z",
        "username": "alice",
        "email": "alice@testers.com",
        "user_permissions": [],
        "groups": [],
        "last_login": "2015-11-20T10:24:36.479Z",
        "is_active": true,
        "is_superuser": false
    },
    "pk": 3
},
{
    "model": "auth.user",
    "fields": {
        "password": "pbkdf2_sha256$20000$XpqyP8lbcdmX$2G5ZTe13IRDo7p2Fm2pSOgZp2fYUXaNf1uHkeh6/j/g=",
        "last_name": "Smithson",
        "first_name": "Bob",
        "is_staff": false,
        "date_joined": "2015-11-19T11:33:03.308Z",
        "username": "bob",
        "email": "bob@testers.com",
        "user_permissions": [],
        "groups": [],
        "last_login": "2015-11-20T10:24:47.852Z",
        "is_active": true,
        "is_superuser": false
    },
    "pk": 11
},
{
    "model": "auth.user",
    "fields": {
        "password": "pbkdf2_sha256$20000$R6Ptf058YWHj$jgw1AFmnG0YdV2qtzU5qp1rJCYe6CR7PWjoWjoPCS3g=",
        "last_name": "Stani\u00f3w",
        "first_name": "Piotr",
        "is_staff": false,
        "date_joined": "2015-11-19T11:36:52.184Z",
        "username": "TeoTN",
        "email": "staniowp@gmail.com",
        "user_permissions": [],
        "groups": [],
        "last_login": "2015-11-19T11:36:52.295Z",
        "is_active": true,
        "is_superuser": false
    },
    "pk": 12
},
{
    "model": "auth.user",
    "fields": {
        "password": "pbkdf2_sha256$20000$m8AcPnkL87O8$ETJfPLzhFlCUF22C4JGqmdU/jVBlqY0O8l5DbxnDky0=",
        "last_name": "",
        "first_name": "",
        "is_staff": false,
        "date_joined": "2015-11-30T19:13:44.895Z",
        "username": "andrew",
        "email": "andrew@testers.com",
        "user_permissions": [],
        "groups": [],
        "last_login": null,
        "is_active": true,
        "is_superuser": false
    },
    "pk": 15
},
{
    "model": "auth.user",
    "fields": {
        "password": "pbkdf2_sha256$20000$1nyljStLxVbg$WcSLV9GY4gLqtlmsVK5lqzsAycGBMzE3xgcAU8RD/TE=",
        "last_name": "",
        "first_name": "",
        "is_staff": false,
        "date_joined": "2015-11-30T19:13:44.933Z",
        "username": "beatrix",
        "email": "beatrix@testers.com",
        "user_permissions": [],
        "groups": [],
        "last_login": null,
        "is_active": true,
        "is_superuser": false
    },
    "pk": 16
},
{
    "model": "auth.user",
    "fields": {
        "password": "pbkdf2_sha256$20000$dd6CpewRRhMZ$V8wnCA3IGRX3viuU3Z2QReIO+jehgxSZ9o6Huf6+EeU=",
        "last_name": "",
        "first_name": "",
        "is_staff": false,
        "date_joined": "2015-11-30T19:13:44.984Z",
        "username": "celine",
        "email": "celine@testers.com",
        "user_permissions": [],
        "groups": [],
        "last_login": null,
        "is_active": true,
        "is_superuser": false
    },
    "pk": 17
},
{
    "model": "auth.user",
    "fields": {
        "password": "pbkdf2_sha256$20000$BjUEK7PrGFoc$2w8oTPiU8iO1xFNzYmU64D9yqNKtf8zWGtc/j/lka/o=",
        "last_name": "",
        "first_name": "",
        "is_staff": false,
        "date_joined": "2015-11-30T19:13:45.022Z",
        "username": "daniele",
        "email": "daniele@testers.com",
        "user_permissions": [],
        "groups": [],
        "last_login": null,
        "is_active": true,
        "is_superuser": false
    },
    "pk": 18
},
{
    "model": "auth.user",
    "fields": {
        "password": "pbkdf2_sha256$20000$CXtfVkeFAsGi$u5TNxQ1EYZX5NSKq21JQu91cBJqP6aab/IlR0YQa6c8=",
        "last_name": "",
        "first_name": "",
        "is_staff": false,
        "date_joined": "2015-11-30T19:13:45.055Z",
        "username": "edward",
        "email": "edward@testers.com",
        "user_permissions": [],
        "groups": [],
        "last_login": null,
        "is_active": true,
        "is_superuser": false
    },
    "pk": 19
},
{
    "model": "auth.user",
    "fields": {
        "password": "pbkdf2_sha256$20000$G2g7MtPcUpD1$l1nfUFAbpB9Vvi4RiwADGL5CRirAfQLBwuHmA10ZbpI=",
        "last_name": "",
        "first_name": "",
        "is_staff": false,
        "date_joined": "2015-11-30T19:13:45.083Z",
        "username": "felix",
        "email": "felix@testers.com",
        "user_permissions": [],
        "groups": [],
        "last_login": null,
        "is_active": true,
        "is_superuser": false
    },
    "pk": 20
},
{
    "model": "sites.site",
    "fields": {
        "domain": "example.com",
        "name": "example.com"
    },
    "pk": 1
},
{
    "model": "accounts.skill",
    "fields": {
        "type": "LNG"
    },
    "pk": "Ada"
},
{
    "model": "accounts.skill",
    "fields": {
        "type": "FRW"
    },
    "pk": "AngularJS"
},
{
    "model": "accounts.skill",
    "fields": {
        "type": "FRW"
    },
    "pk": "Apache Struts"
},
{
    "model": "accounts.skill",
    "fields": {
        "type": "LNG"
    },
    "pk": "BASH"
},
{
    "model": "accounts.skill",
    "fields": {
        "type": "LIB"
    },
    "pk": "Boost"
},
{
    "model": "accounts.skill",
    "fields": {
        "type": "LNG"
    },
    "pk": "C#"
},
{
    "model": "accounts.skill",
    "fields": {
        "type": "LNG"
    },
    "pk": "C++"
},
{
    "model": "accounts.skill",
    "fields": {
        "type": "LNG"
    },
    "pk": "CoffeeScript"
},
{
    "model": "accounts.skill",
    "fields": {
        "type": "LNG"
    },
    "pk": "CSS"
},
{
    "model": "accounts.skill",
    "fields": {
        "type": "FRW"
    },
    "pk": "Django"
},
{
    "model": "accounts.skill",
    "fields": {
        "type": "LNG"
    },
    "pk": "ECMAScript 6"
},
{
    "model": "accounts.skill",
    "fields": {
        "type": "LNG"
    },
    "pk": "Erlang"
},
{
    "model": "accounts.skill",
    "fields": {
        "type": "FRW"
    },
    "pk": "Flask"
},
{
    "model": "accounts.skill",
    "fields": {
        "type": "LNG"
    },
    "pk": "Haskell"
},
{
    "model": "accounts.skill",
    "fields": {
        "type": "LNG"
    },
    "pk": "HTML"
},
{
    "model": "accounts.skill",
    "fields": {
        "type": "LNG"
    },
    "pk": "Java"
},
{
    "model": "accounts.skill",
    "fields": {
        "type": "LNG"
    },
    "pk": "JAVA"
},
{
    "model": "accounts.skill",
    "fields": {
        "type": "LNG"
    },
    "pk": "JavaScript"
},
{
    "model": "accounts.skill",
    "fields": {
        "type": "LIB"
    },
    "pk": "jQuery"
},
{
    "model": "accounts.skill",
    "fields": {
        "type": "OS"
    },
    "pk": "Linux"
},
{
    "model": "accounts.skill",
    "fields": {
        "type": "LIB"
    },
    "pk": "NumPy"
},
{
    "model": "accounts.skill",
    "fields": {
        "type": "LNG"
    },
    "pk": "PHP"
},
{
    "model": "accounts.skill",
    "fields": {
        "type": "FRW"
    },
    "pk": "Play! Framework"
},
{
    "model": "accounts.skill",
    "fields": {
        "type": "FRW"
    },
    "pk": "Pyramid"
},
{
    "model": "accounts.skill",
    "fields": {
        "type": "LNG"
    },
    "pk": "Python"
},
{
    "model": "accounts.skill",
    "fields": {
        "type": "FRW"
    },
    "pk": "Qt"
},
{
    "model": "accounts.skill",
    "fields": {
        "type": "LNG"
    },
    "pk": "R"
},
{
    "model": "accounts.skill",
    "fields": {
        "type": "LIB"
    },
    "pk": "requests"
},
{
    "model": "accounts.skill",
    "fields": {
        "type": "TECH"
    },
    "pk": "REST API"
},
{
    "model": "accounts.skill",
    "fields": {
        "type": "LNG"
    },
    "pk": "Ruby"
},
{
    "model": "accounts.skill",
    "fields": {
        "type": "FRW"
    },
    "pk": "Ruby on Rails"
},
{
    "model": "accounts.skill",
    "fields": {
        "type": "LNG"
    },
    "pk": "Scheme"
},
{
    "model": "accounts.skill",
    "fields": {
        "type": "LIB"
    },
    "pk": "SciPy"
},
{
    "model": "accounts.skill",
    "fields": {
        "type": "FRW"
    },
    "pk": "Spring MVC"
},
{
    "model": "accounts.skill",
    "fields": {
        "type": "LIB"
    },
    "pk": "stl"
},
{
    "model": "accounts.skill",
    "fields": {
        "type": "FRW"
    },
    "pk": "Symphony"
},
{
    "model": "accounts.skill",
    "fields": {
        "type": "LNG"
    },
    "pk": "TypeScript"
},
{
    "model": "accounts.skill",
    "fields": {
        "type": "LIB"
    },
    "pk": "unittest"
},
{
    "model": "accounts.skill",
    "fields": {
        "type": "OS"
    },
    "pk": "Windows"
},
{
    "model": "accounts.skill",
    "fields": {
        "type": "FRW"
    },
    "pk": "Zend Framework"
},
{
    "model": "accounts.userprofile",
    "fields": {
        "user": [
            "admin"
        ],
        "matched_by": [],
        "matches": [],
        "is_employer": false
    },
    "pk": 1
},
{
    "model": "accounts.userprofile",
    "fields": {
        "user": [
            "alice"
        ],
        "matched_by": [],
        "matches": [],
        "is_employer": false
    },
    "pk": 3
},
{
    "model": "accounts.userprofile",
    "fields": {
        "user": [
            "bob"
        ],
        "matched_by": [],
        "matches": [],
        "is_employer": true
    },
    "pk": 9
},
{
    "model": "accounts.userprofile",
    "fields": {
        "user": [
            "TeoTN"
        ],
        "matched_by": [],
        "matches": [],
        "is_employer": true
    },
    "pk": 10
},
{
    "model": "accounts.userprofile",
    "fields": {
        "user": [
            "andrew"
        ],
        "matched_by": [],
        "matches": [],
        "is_employer": true
    },
    "pk": 11
},
{
    "model": "accounts.userprofile",
    "fields": {
        "user": [
            "beatrix"
        ],
        "matched_by": [],
        "matches": [],
        "is_employer": false
    },
    "pk": 12
},
{
    "model": "accounts.userprofile",
    "fields": {
        "user": [
            "celine"
        ],
        "matched_by": [],
        "matches": [],
        "is_employer": true
    },
    "pk": 13
},
{
    "model": "accounts.userprofile",
    "fields": {
        "user": [
            "daniele"
        ],
        "matched_by": [],
        "matches": [],
        "is_employer": false
    },
    "pk": 14
},
{
    "model": "accounts.userprofile",
    "fields": {
        "user": [
            "edward"
        ],
        "matched_by": [],
        "matches": [],
        "is_employer": true
    },
    "pk": 15
},
{
    "model": "accounts.userprofile",
    "fields": {
        "user": [
            "felix"
        ],
        "matched_by": [],
        "matches": [],
        "is_employer": false
    },
    "pk": 16
},
{
    "model": "accounts.entity",
    "fields": {
        "certificates": [],
        "city": "Wroclaw",
        "country": "Poland",
        "languages": [],
        "title": "Your profile",
        "user_profile": 1,
        "education_tiers": []
    },
    "pk": 9
},
{
    "model": "accounts.entity",
    "fields": {
        "certificates": [],
        "city": "Wroclaw",
        "country": "Poland",
        "languages": [],
        "title": "Your profile",
        "user_profile": 3,
        "education_tiers": []
    },
    "pk": 11
},
{
    "model": "accounts.entity",
    "fields": {
        "certificates": [],
        "city": "Wroclaw",
        "country": "Poland",
        "languages": [],
        "title": "Your profile",
        "user_profile": 11,
        "education_tiers": []
    },
    "pk": 12
},
{
    "model": "accounts.entity",
    "fields": {
        "certificates": [],
        "city": "Wroclaw",
        "country": "Poland",
        "languages": [],
        "title": "Your profile",
        "user_profile": 12,
        "education_tiers": []
    },
    "pk": 13
},
{
    "model": "accounts.entity",
    "fields": {
        "certificates": [],
        "city": "Wroclaw",
        "country": "Poland",
        "languages": [],
        "title": "Your profile",
        "user_profile": 13,
        "education_tiers": []
    },
    "pk": 14
},
{
    "model": "accounts.entity",
    "fields": {
        "certificates": [],
        "city": "Wroclaw",
        "country": "Poland",
        "languages": [],
        "title": "Your profile",
        "user_profile": 14,
        "education_tiers": []
    },
    "pk": 15
},
{
    "model": "accounts.entity",
    "fields": {
        "certificates": [],
        "city": "Wroclaw",
        "country": "Poland",
        "languages": [],
        "title": "Your profile",
        "user_profile": 15,
        "education_tiers": []
    },
    "pk": 16
},
{
    "model": "accounts.entity",
    "fields": {
        "certificates": [],
        "city": "Wroclaw",
        "country": "Poland",
        "languages": [],
        "title": "Your profile",
        "user_profile": 16,
        "education_tiers": []
    },
    "pk": 17
},
{
    "model": "accounts.userskill",
    "fields": {
        "skill": "Python",
        "profile": 11,
        "level": 4
    },
    "pk": 13
},
{
    "model": "accounts.userskill",
    "fields": {
        "skill": "Django",
        "profile": 11,
        "level": 5
    },
    "pk": 14
},
{
    "model": "accounts.userskill",
    "fields": {
        "skill": "REST API",
        "profile": 11,
        "level": 4
    },
    "pk": 15
},
{
    "model": "accounts.userskill",
    "fields": {
        "skill": "JavaScript",
        "profile": 11,
        "level": 4
    },
    "pk": 16
},
{
    "model": "accounts.userskill",
    "fields": {
        "skill": "ECMAScript 6",
        "profile": 11,
        "level": 2
    },
    "pk": 17
},
{
    "model": "accounts.userskill",
    "fields": {
        "skill": "C++",
        "profile": 11,
        "level": 3
    },
    "pk": 18
},
{
    "model": "accounts.userskill",
    "fields": {
        "skill": "JAVA",
        "profile": 11,
        "level": 3
    },
    "pk": 19
},
{
    "model": "accounts.userskill",
    "fields": {
        "skill": "unittest",
        "profile": 11,
        "level": 3
    },
    "pk": 20
},
{
    "model": "accounts.userskill",
    "fields": {
        "skill": "Python",
        "profile": 12,
        "level": 5
    },
    "pk": 21
},
{
    "model": "accounts.userskill",
    "fields": {
        "skill": "REST API",
        "profile": 12,
        "level": 5
    },
    "pk": 22
},
{
    "model": "accounts.userskill",
    "fields": {
        "skill": "Django",
        "profile": 12,
        "level": 5
    },
    "pk": 23
},
{
    "model": "accounts.userskill",
    "fields": {
        "skill": "requests",
        "profile": 12,
        "level": 5
    },
    "pk": 24
},
{
    "model": "accounts.userskill",
    "fields": {
        "skill": "Erlang",
        "profile": 12,
        "level": 5
    },
    "pk": 25
},
{
    "model": "accounts.userskill",
    "fields": {
        "skill": "Linux",
        "profile": 12,
        "level": 4
    },
    "pk": 26
},
{
    "model": "accounts.userskill",
    "fields": {
        "skill": "Flask",
        "profile": 12,
        "level": 3
    },
    "pk": 30
},
{
    "model": "accounts.userskill",
    "fields": {
        "skill": "Pyramid",
        "profile": 12,
        "level": 3
    },
    "pk": 31
},
{
    "model": "accounts.userskill",
    "fields": {
        "skill": "Django",
        "profile": 13,
        "level": 4
    },
    "pk": 32
},
{
    "model": "accounts.userskill",
    "fields": {
        "skill": "Python",
        "profile": 13,
        "level": 4
    },
    "pk": 33
},
{
    "model": "accounts.userskill",
    "fields": {
        "skill": "REST API",
        "profile": 13,
        "level": 4
    },
    "pk": 34
},
{
    "model": "accounts.userskill",
    "fields": {
        "skill": "Linux",
        "profile": 13,
        "level": 5
    },
    "pk": 35
},
{
    "model": "accounts.userskill",
    "fields": {
        "skill": "requests",
        "profile": 13,
        "level": 2
    },
    "pk": 36
},
{
    "model": "accounts.userskill",
    "fields": {
        "skill": "ECMAScript 6",
        "profile": 14,
        "level": 5
    },
    "pk": 38
},
{
    "model": "accounts.userskill",
    "fields": {
        "skill": "JavaScript",
        "profile": 14,
        "level": 5
    },
    "pk": 39
},
{
    "model": "accounts.userskill",
    "fields": {
        "skill": "jQuery",
        "profile": 14,
        "level": 5
    },
    "pk": 40
},
{
    "model": "accounts.userskill",
    "fields": {
        "skill": "AngularJS",
        "profile": 14,
        "level": 5
    },
    "pk": 41
},
{
    "model": "accounts.userskill",
    "fields": {
        "skill": "Python",
        "profile": 15,
        "level": 4
    },
    "pk": 42
},
{
    "model": "accounts.userskill",
    "fields": {
        "skill": "JavaScript",
        "profile": 15,
        "level": 5
    },
    "pk": 43
},
{
    "model": "accounts.userskill",
    "fields": {
        "skill": "NumPy",
        "profile": 15,
        "level": 3
    },
    "pk": 44
},
{
    "model": "accounts.userskill",
    "fields": {
        "skill": "SciPy",
        "profile": 15,
        "level": 3
    },
    "pk": 45
},
{
    "model": "accounts.userskill",
    "fields": {
        "skill": "AngularJS",
        "profile": 15,
        "level": 5
    },
    "pk": 46
},
{
    "model": "accounts.userskill",
    "fields": {
        "skill": "jQuery",
        "profile": 15,
        "level": 4
    },
    "pk": 47
},
{
    "model": "accounts.userskill",
    "fields": {
        "skill": "C++",
        "profile": 16,
        "level": 4
    },
    "pk": 49
},
{
    "model": "accounts.userskill",
    "fields": {
        "skill": "Qt",
        "profile": 16,
        "level": 4
    },
    "pk": 50
},
{
    "model": "accounts.userskill",
    "fields": {
        "skill": "Boost",
        "profile": 16,
        "level": 4
    },
    "pk": 51
},
{
    "model": "accounts.userskill",
    "fields": {
        "skill": "C++",
        "profile": 17,
        "level": 4
    },
    "pk": 52
},
{
    "model": "accounts.userskill",
    "fields": {
        "skill": "Qt",
        "profile": 17,
        "level": 4
    },
    "pk": 53
},
{
    "model": "accounts.userskill",
    "fields": {
        "skill": "Boost",
        "profile": 17,
        "level": 4
    },
    "pk": 54
},
{
    "model": "accounts.userskill",
    "fields": {
        "skill": "Windows",
        "profile": 17,
        "level": 4
    },
    "pk": 55
},
{
    "model": "authtoken.token",
    "fields": {
        "user": [
            "bob"
        ],
        "created": "2015-11-19T11:35:33.161Z"
    },
    "pk": "a8d921c51bef084efe5f19651f1c8bc7f51afbd6"
},
{
    "model": "authtoken.token",
    "fields": {
        "user": [
            "alice"
        ],
        "created": "2015-11-16T20:59:51.212Z"
    },
    "pk": "c293f11ef49fb350d92c65ad9b23dc6990aa0c23"
},
{
    "model": "authtoken.token",
    "fields": {
        "user": [
            "admin"
        ],
        "created": "2015-11-14T22:01:32.313Z"
    },
    "pk": "f72af58b851802c89cad8f3a6d7deb2bf8fbdb28"
},
{
    "model": "account.emailaddress",
    "fields": {
        "email": "alice@testers.com",
        "user": [
            "alice"
        ],
        "primary": true,
        "verified": false
    },
    "pk": 1
},
{
    "model": "account.emailaddress",
    "fields": {
        "email": "bob@testers.com",
        "user": [
            "bob"
        ],
        "primary": true,
        "verified": false
    },
    "pk": 4
},
{
    "model": "account.emailaddress",
    "fields": {
        "email": "staniowp@gmail.com",
        "user": [
            "TeoTN"
        ],
        "primary": true,
        "verified": false
    },
    "pk": 5
},
{
    "model": "account.emailconfirmation",
    "fields": {
        "key": "du0qcrkjdguxraxi13nidifvyqk1jwwjgzbbkvcdlajg5jajtfklyof0yzuyaejp",
        "created": "2015-11-11T14:21:49.993Z",
        "email_address": 1,
        "sent": "2015-11-11T14:21:50.190Z"
    },
    "pk": 1
},
{
    "model": "account.emailconfirmation",
    "fields": {
        "key": "icgzmywgqpuuilekh1cfvtmlkkjtqafndou5eilsqhnothfdlrptxtayxjpxizq8",
        "created": "2015-11-19T11:33:03.355Z",
        "email_address": 4,
        "sent": "2015-11-19T11:33:03.415Z"
    },
    "pk": 4
},
{
    "model": "account.emailconfirmation",
    "fields": {
        "key": "sx1iwr6ymtoqq8g6c1ivbdisbygq6gdjdm7u1kntp2frhnwk466znyqxtwee0gmr",
        "created": "2015-11-19T11:36:52.227Z",
        "email_address": 5,
        "sent": "2015-11-19T11:36:52.283Z"
    },
    "pk": 5
}
]
